rango,id_del_proceso,entidad,departamento,objeto,modalidad,precio_base,razones,menciones_entidad,nivel_menciones,referencia_citada_en_prensa,url_secop,limite
1,CO1.REQ.5407319,MINISTERIO DEL DEPORTE,Distrito Capital de Bogotá,AUNAR ESFUERZOS ENTRE EL MINISTERIO DEL DEPORTE Y LOS ORGANISMOS DE ACCIÓN COMUNAL PARA LA RECUPERACIÓN Y/O MEJORAMIENTO,Contratación directa,168750000,entidad en prensa; contratación directa; 0 respuestas de proveedores,3,baja,False,https://community.secop.gov.co/Public/Tendering/OpportunityDetail/Index?noticeUID=CO1.NTC.5304274,la entidad aparece en prensa; este contrato específico NO está citado por su referencia
2,CO1.REQ.1397521,SECRETARIA DE EDUCACION DEL DISTRITO,Distrito Capital de Bogotá,HIJAS DE MARÍA AUXILIADORA  PROVINCIA NUESTRA SEÑORA DE LAS NIEVES,Contratación directa,154773714,entidad en prensa; contratación directa; 0 respuestas de proveedores,1,baja,False,https://community.secop.gov.co/Public/Tendering/OpportunityDetail/Index?noticeUID=CO1.NTC.1358321,la entidad aparece en prensa; este contrato específico NO está citado por su referencia
3,CO1.REQ.361409,MINISTERIO DE AGRICULTURA Y DESARROLLO RURAL,Distrito Capital de Bogotá,CAJA COLOMBIANA DE SUBSIDIO FAMILIAR COLSUBSIDIO,Contratación directa,150000000,entidad en prensa; contratación directa; 0 respuestas de proveedores,4,baja,False,https://community.secop.gov.co/Public/Tendering/OpportunityDetail/Index?noticeUID=CO1.NTC.347909,la entidad aparece en prensa; este contrato específico NO está citado por su referencia
4,CO1.REQ.9894713,DEPARTAMENTO NACIONAL DE PLANEACIÓN,Distrito Capital de Bogotá,ANGIE LORENA CASTRO HERNANDEZ,Contratación directa,131138230,entidad en prensa; contratación directa; 0 respuestas de proveedores,9,media,False,https://community.secop.gov.co/Public/Tendering/OpportunityDetail/Index?noticeUID=CO1.NTC.9744307,la entidad aparece en prensa; este contrato específico NO está citado por su referencia
5,CO1.REQ.9555770,INSTITUTO DE DESARROLLO URBANO,Distrito Capital de Bogotá,CONTRATO DE PRESTACION,Contratación directa,113630000,entidad en prensa; contratación directa; 0 respuestas de proveedores,8,media,False,https://community.secop.gov.co/Public/Tendering/OpportunityDetail/Index?noticeUID=CO1.NTC.9405169,la entidad aparece en prensa; este contrato específico NO está citado por su referencia
6,CO1.REQ.5496747,FONDO UNICO DE TECNOLOGÍAS DE LA INFORMACIÓN Y LAS COMUNICACIONES,Distrito Capital de Bogotá,SEBASTIAN ORLANDO TRIANA DURAN,Contratación directa,113508000,entidad en prensa; contratación directa; 0 respuestas de proveedores,3,baja,False,https://community.secop.gov.co/Public/Tendering/OpportunityDetail/Index?noticeUID=CO1.NTC.5391230,la entidad aparece en prensa; este contrato específico NO está citado por su referencia
7,CO1.REQ.708187,MINISTERIO DE AGRICULTURA Y DESARROLLO RURAL,Distrito Capital de Bogotá,Prestar sus servicios profesionales en la formulación; estructuración y seguimiento del componente jurídico de los proye,Contratación directa,99900000,entidad en prensa; contratación directa; 0 respuestas de proveedores,4,baja,False,https://community.secop.gov.co/Public/Tendering/OpportunityDetail/Index?noticeUID=CO1.NTC.676575,la entidad aparece en prensa; este contrato específico NO está citado por su referencia
8,CO1.REQ.1779960,MINISTERIO DE AGRICULTURA Y DESARROLLO RURAL,Distrito Capital de Bogotá,PS-0236-2021,Contratación directa,99381981,entidad en prensa; contratación directa; 0 respuestas de proveedores,4,baja,False,https://community.secop.gov.co/Public/Tendering/OpportunityDetail/Index?noticeUID=CO1.NTC.1726356,la entidad aparece en prensa; este contrato específico NO está citado por su referencia
9,CO1.REQ.2604471,MINISTERIO DE MINAS Y ENERGIA,Distrito Capital de Bogotá,apoyar al Grupo de Soluciones Digitales en las actividades relacionadas con la actualización,Contratación directa,95680000,entidad en prensa; contratación directa; 0 respuestas de proveedores,10,media,False,https://community.secop.gov.co/Public/Tendering/OpportunityDetail/Index?noticeUID=CO1.NTC.2535756,la entidad aparece en prensa; este contrato específico NO está citado por su referencia
10,CO1.REQ.1721969,MINISTERIO DE AMBIENTE Y DESARROLLO SOSTENIBLE,Distrito Capital de Bogotá,RICARDO ALFREDO AHUMADA MORA,Contratación directa,84000000,entidad en prensa; contratación directa; 0 respuestas de proveedores,4,baja,False,https://community.secop.gov.co/Public/Tendering/OpportunityDetail/Index?noticeUID=CO1.NTC.1667600,la entidad aparece en prensa; este contrato específico NO está citado por su referencia
11,CO1.REQ.9806864,DEPARTAMENTO ADMINISTRATIVO DE LA DEFENSORIA DEL ESPACIO PUBLICO,Distrito Capital de Bogotá,Prestación de Servicios Profesionales,Contratación directa,79310000,entidad en prensa; contratación directa; 0 respuestas de proveedores,1,baja,False,https://community.secop.gov.co/Public/Tendering/OpportunityDetail/Index?noticeUID=CO1.NTC.9653643,la entidad aparece en prensa; este contrato específico NO está citado por su referencia
12,CO1.REQ.2591023,SECRETARIA DE EDUCACION DEL DISTRITO,Distrito Capital de Bogotá,SANDRA BEATRIZ GALVIS GARCIA,Contratación directa,78012000,entidad en prensa; contratación directa; 0 respuestas de proveedores,1,baja,False,https://community.secop.gov.co/Public/Tendering/OpportunityDetail/Index?noticeUID=CO1.NTC.2574257,la entidad aparece en prensa; este contrato específico NO está citado por su referencia
13,CO1.REQ.9917865,MINISTERIO DE AGRICULTURA Y DESARROLLO RURAL,Distrito Capital de Bogotá,DIEGO MAURICIO MORENO VARGAS,Contratación directa,77466667,entidad en prensa; contratación directa; 0 respuestas de proveedores,4,baja,False,https://community.secop.gov.co/Public/Tendering/OpportunityDetail/Index?noticeUID=CO1.NTC.9775833,la entidad aparece en prensa; este contrato específico NO está citado por su referencia
14,CO1.REQ.689907,FONDO UNICO DE TECNOLOGÍAS DE LA INFORMACIÓN Y LAS COMUNICACIONES,Distrito Capital de Bogotá,ISABEL CAICEDO,Contratación directa,72119988,entidad en prensa; contratación directa; 0 respuestas de proveedores,3,baja,False,https://community.secop.gov.co/Public/Tendering/OpportunityDetail/Index?noticeUID=CO1.NTC.660214,la entidad aparece en prensa; este contrato específico NO está citado por su referencia
15,CO1.REQ.2683077,AREA METROPOLITANA DEL VALLE DE ABURRA,Antioquia,APOYAR A LA SUBDIRECCIÓN DE COOPERACIÓN Y CONVENIOS EN LA GESTIÓN DE RECURSOS DE COOPERACIÓN NACIONAL E INTERNACIONAL; Y,Contratación directa,64615640,entidad en prensa; contratación directa; 0 respuestas de proveedores,19,media,False,https://community.secop.gov.co/Public/Tendering/OpportunityDetail/Index?noticeUID=CO1.NTC.2632211,la entidad aparece en prensa; este contrato específico NO está citado por su referencia
16,CO1.REQ.8381629,MINISTERIO DEL INTERIOR,Distrito Capital de Bogotá,DAVID CALIXTO POMBO RANGEL,Contratación directa,60253667,entidad en prensa; contratación directa; 0 respuestas de proveedores,31,alta,False,https://community.secop.gov.co/Public/Tendering/OpportunityDetail/Index?noticeUID=CO1.NTC.8257662,la entidad aparece en prensa; este contrato específico NO está citado por su referencia
17,CO1.REQ.2577563,DEPARTAMENTO ADMINISTRATIVO NACIONAL DE ESTADISTICA (DANE),Distrito Capital de Bogotá,TS_MERCADO_2022_GEIH_TH Prestación de servicios profesionales para procesar la información de la GEIH para el análisis d,Contratación directa,57333333,entidad en prensa; contratación directa; 0 respuestas de proveedores,3,baja,False,https://community.secop.gov.co/Public/Tendering/OpportunityDetail/Index?noticeUID=CO1.NTC.2597221,la entidad aparece en prensa; este contrato específico NO está citado por su referencia
18,CO1.REQ.1266773,INSTITUTO DE DESARROLLO URBANO,Distrito Capital de Bogotá,Prestación de Servicios Profesionales y/o apoyo a la gestión,Contratación directa,55275000,entidad en prensa; contratación directa; 0 respuestas de proveedores,8,media,False,https://community.secop.gov.co/Public/Tendering/OpportunityDetail/Index?noticeUID=CO1.NTC.1244934,la entidad aparece en prensa; este contrato específico NO está citado por su referencia
19,CO1.REQ.5610848,(Secretaría Distrital de Integración Social),Distrito Capital de Bogotá,CONTRATO DE PRESTACIÓN DE SERVICIOS PROFESIONALES,Contratación directa,53579880,entidad en prensa; contratación directa; 0 respuestas de proveedores,2,baja,False,https://community.secop.gov.co/Public/Tendering/OpportunityDetail/Index?noticeUID=CO1.NTC.5507297,la entidad aparece en prensa; este contrato específico NO está citado por su referencia
20,CO1.REQ.9999054,CENTRO NACIONAL DE MEMORIA  HISTORICA,Distrito Capital de Bogotá,Prestar servicios profesionales al Centro Nacional de Memoria Histórica para apoyar el proceso curatorial de los disposi,Contratación directa,53088112,entidad en prensa; contratación directa; 0 respuestas de proveedores,1,baja,False,https://community.secop.gov.co/Public/Tendering/OpportunityDetail/Index?noticeUID=CO1.NTC.9849815,la entidad aparece en prensa; este contrato específico NO está citado por su referencia
21,CO1.REQ.2189566,SECRETARÍA DISTRITAL DE MOVILIDAD,Distrito Capital de Bogotá,Prestar los servicios profesionales especializados a la Secretaría Distrital de Movilidad en  la planeación; formulación,Contratación directa,50000000,entidad en prensa; contratación directa; 0 respuestas de proveedores,2,baja,False,https://community.secop.gov.co/Public/Tendering/OpportunityDetail/Index?noticeUID=CO1.NTC.2131902,la entidad aparece en prensa; este contrato específico NO está citado por su referencia
22,CO1.REQ.3841188,SECRETARÍA DISTRITAL DE MOVILIDAD,Distrito Capital de Bogotá,PRESTAR LOS SERVICIOS PROFESIONALES CON PLENA AUTONOMIA TECNICA Y ADMINISTRATIVA PARA APOYAR A LA SUBSECRETARIA DE SERVI,Contratación directa,49174000,entidad en prensa; contratación directa; 0 respuestas de proveedores,2,baja,False,https://community.secop.gov.co/Public/Tendering/OpportunityDetail/Index?noticeUID=CO1.NTC.3750315,la entidad aparece en prensa; este contrato específico NO está citado por su referencia
23,CO1.REQ.2622868,FUERZA AEROESPACIAL COLOMBIANA,Distrito Capital de Bogotá,CONTRATACIÓN DE LOS SERVICIOS PROFESIONALES EN ÁREAS DE INGENIERÍA / ADMINISTRACIÓN PARA LA ASESORÍA EN LA GESTIÓN PÚBLI,Contratación directa,48800000,entidad en prensa; contratación directa; 0 respuestas de proveedores,5,media,False,https://community.secop.gov.co/Public/Tendering/OpportunityDetail/Index?noticeUID=CO1.NTC.2593423,la entidad aparece en prensa; este contrato específico NO está citado por su referencia
24,CO1.REQ.5560925,SECRETARIA DISTRITAL DE LA MUJER,Distrito Capital de Bogotá,Prestar servicios profesionales a la Dirección de Contratación en las actividades relacionadas con la gestión contractua,Contratación directa,43517500,entidad en prensa; contratación directa; 0 respuestas de proveedores,1,baja,False,https://community.secop.gov.co/Public/Tendering/OpportunityDetail/Index?noticeUID=CO1.NTC.5454271,la entidad aparece en prensa; este contrato específico NO está citado por su referencia
25,CO1.REQ.2577694,(Secretaría Distrital de Integración Social),Distrito Capital de Bogotá,PRESTACION DE SERVISIOS PROFESIONALES,Contratación directa,43230000,entidad en prensa; contratación directa; 0 respuestas de proveedores,2,baja,False,https://community.secop.gov.co/Public/Tendering/OpportunityDetail/Index?noticeUID=CO1.NTC.2521505,la entidad aparece en prensa; este contrato específico NO está citado por su referencia
26,CO1.REQ.6383059,AGENCIA DE DESARROLLO RURAL,Distrito Capital de Bogotá,Prestar servicios profesionales para brindar acompañamiento y soporte a la Unidad Técnica Territorial No 3; en la ejecuc,Contratación directa,42683333,entidad en prensa; contratación directa; 0 respuestas de proveedores,8,media,False,https://community.secop.gov.co/Public/Tendering/OpportunityDetail/Index?noticeUID=CO1.NTC.6275443,la entidad aparece en prensa; este contrato específico NO está citado por su referencia
27,CO1.REQ.7082275,SECRETARIA DE EDUCACION DEL DISTRITO,Distrito Capital de Bogotá,ELASCAR HOLGUIN HERRERA,Contratación directa,39316500,entidad en prensa; contratación directa; 0 respuestas de proveedores,1,baja,False,https://community.secop.gov.co/Public/Tendering/OpportunityDetail/Index?noticeUID=CO1.NTC.6976678,la entidad aparece en prensa; este contrato específico NO está citado por su referencia
28,CO1.REQ.1846091,GOBIERNO DEPARTAMENTAL,Tolima,PRESTACION DE SERVICIOS PROFESIONALES,Contratación directa,38611800,entidad en prensa; contratación directa; 0 respuestas de proveedores,4,baja,False,https://community.secop.gov.co/Public/Tendering/OpportunityDetail/Index?noticeUID=CO1.NTC.1792308,la entidad aparece en prensa; este contrato específico NO está citado por su referencia
29,CO1.REQ.2588982,SUPERINTENDENCIA DE NOTARIADO Y REGISTRO,Distrito Capital de Bogotá,CONTRATACION DIRECTA 032 DE 2022,Contratación directa,38058000,entidad en prensa; contratación directa; 0 respuestas de proveedores,9,media,False,https://community.secop.gov.co/Public/Tendering/OpportunityDetail/Index?noticeUID=CO1.NTC.2517814,la entidad aparece en prensa; este contrato específico NO está citado por su referencia
30,CO1.REQ.4758861,TRANSMILENIO S.A.,Distrito Capital de Bogotá,PRESTACION DE SERVICOS PROFESIONALES Y DE APOYO A LA GESTION,Contratación directa,35581000,entidad en prensa; contratación directa; 0 respuestas de proveedores,2,baja,False,https://community.secop.gov.co/Public/Tendering/OpportunityDetail/Index?noticeUID=CO1.NTC.4660564,la entidad aparece en prensa; este contrato específico NO está citado por su referencia
31,CO1.REQ.4504177,MINISTERIO DEL DEPORTE,Distrito Capital de Bogotá,Prestar servicios de apoyo a la gestión del GIT servicio integral al ciudadano en la recepción; trámite y seguimiento de,Contratación directa,35200000,entidad en prensa; contratación directa; 0 respuestas de proveedores,3,baja,False,https://community.secop.gov.co/Public/Tendering/OpportunityDetail/Index?noticeUID=CO1.NTC.4406122,la entidad aparece en prensa; este contrato específico NO está citado por su referencia
32,CO1.REQ.4423663,GOBIERNO DEPARTAMENTAL,Tolima,PRESTACION DE SERVICIOS,Contratación directa,32000000,entidad en prensa; contratación directa; 0 respuestas de proveedores,4,baja,False,https://community.secop.gov.co/Public/Tendering/OpportunityDetail/Index?noticeUID=CO1.NTC.4326132,la entidad aparece en prensa; este contrato específico NO está citado por su referencia
33,CO1.REQ.1440311,SECRETARIA DE EDUCACION DEL DISTRITO,Distrito Capital de Bogotá,CATHERINE ALEXANDRA RODRIGUEZ URBINA,Contratación directa,31250000,entidad en prensa; contratación directa; 0 respuestas de proveedores,1,baja,False,https://community.secop.gov.co/Public/Tendering/OpportunityDetail/Index?noticeUID=CO1.NTC.1395550,la entidad aparece en prensa; este contrato específico NO está citado por su referencia
34,CO1.REQ.4154112,(Secretaría Distrital de Integración Social),Distrito Capital de Bogotá,PRESTAR SERVICIOS PROFESIONALES PARA REALIZAR LA ATENCION DE NINAS Y NINOS DE PRIMERA INFANCIA EN JARDINES INFANTILES DI,Contratación directa,30210840,entidad en prensa; contratación directa; 0 respuestas de proveedores,2,baja,False,https://community.secop.gov.co/Public/Tendering/OpportunityDetail/Index?noticeUID=CO1.NTC.4070423,la entidad aparece en prensa; este contrato específico NO está citado por su referencia
35,CO1.REQ.325038,SECRETARIA DE EDUCACION DEL DISTRITO,Distrito Capital de Bogotá,REYES MURILLO LUIS MIGUEL,Contratación directa,29852160,entidad en prensa; contratación directa; 0 respuestas de proveedores,1,baja,False,https://community.secop.gov.co/Public/Tendering/OpportunityDetail/Index?noticeUID=CO1.NTC.315400,la entidad aparece en prensa; este contrato específico NO está citado por su referencia
36,CO1.REQ.4032008,SECRETARÍA DISTRITAL DE MOVILIDAD,Distrito Capital de Bogotá,PRESTAR SERVICIOS DE APOYO A LA GESTIÓN PARA EL DESARROLLO DE ACTIVIDADES ASISTENCIALES Y ADMINISTRATIVAS EN EL MARCO DE,Contratación directa,29220000,entidad en prensa; contratación directa; 0 respuestas de proveedores,2,baja,False,https://community.secop.gov.co/Public/Tendering/OpportunityDetail/Index?noticeUID=CO1.NTC.3939693,la entidad aparece en prensa; este contrato específico NO está citado por su referencia
37,CO1.REQ.3960284,DEPARTAMENTO DEL META,Meta,Prestación de servicios profesionales especializados de asesoria juridica externa para la secretaria administrativa de l,Contratación directa,28800000,entidad en prensa; contratación directa; 0 respuestas de proveedores,1,baja,False,https://community.secop.gov.co/Public/Tendering/OpportunityDetail/Index?noticeUID=CO1.NTC.3866212,la entidad aparece en prensa; este contrato específico NO está citado por su referencia
38,CO1.REQ.7834402,SECRETARÍA DISTRITAL DE MOVILIDAD,Distrito Capital de Bogotá,DANIEL STEVEN MAHECHA VARGAS,Contratación directa,27111000,entidad en prensa; contratación directa; 0 respuestas de proveedores,2,baja,False,https://community.secop.gov.co/Public/Tendering/OpportunityDetail/Index?noticeUID=CO1.NTC.7748661,la entidad aparece en prensa; este contrato específico NO está citado por su referencia
39,CO1.REQ.1163893,CENTRO NACIONAL DE MEMORIA  HISTORICA,Distrito Capital de Bogotá,RONYELIS GONZALEZ HERNANDEZ,Contratación directa,26918340,entidad en prensa; contratación directa; 0 respuestas de proveedores,1,baja,False,https://community.secop.gov.co/Public/Tendering/OpportunityDetail/Index?noticeUID=CO1.NTC.1125588,la entidad aparece en prensa; este contrato específico NO está citado por su referencia
40,CO1.REQ.7834512,SECRETARÍA DISTRITAL DE MOVILIDAD,Distrito Capital de Bogotá,JOHAN ANDRES SUAREZ BERMUDEZ,Contratación directa,26640000,entidad en prensa; contratación directa; 0 respuestas de proveedores,2,baja,False,https://community.secop.gov.co/Public/Tendering/OpportunityDetail/Index?noticeUID=CO1.NTC.7730908,la entidad aparece en prensa; este contrato específico NO está citado por su referencia
41,CO1.REQ.2016461,(Secretaría Distrital de Integración Social),Distrito Capital de Bogotá,PRESTAR  SERVICIOS  PROFESIONALES,Contratación directa,26072000,entidad en prensa; contratación directa; 0 respuestas de proveedores,2,baja,False,https://community.secop.gov.co/Public/Tendering/OpportunityDetail/Index?noticeUID=CO1.NTC.2046841,la entidad aparece en prensa; este contrato específico NO está citado por su referencia
42,CO1.REQ.5745609,(Secretaría Distrital de Integración Social),Distrito Capital de Bogotá,PRESTAR SERVICIOS DE APOYO A LA GESTION PARA APOYAR; ACOMPANAR Y REALIZAR LA ATENCION INTEGRAL A LA POBLACION HABITANTE ,Contratación directa,25939440,entidad en prensa; contratación directa; 0 respuestas de proveedores,2,baja,False,https://community.secop.gov.co/Public/Tendering/OpportunityDetail/Index?noticeUID=CO1.NTC.5636606,la entidad aparece en prensa; este contrato específico NO está citado por su referencia
43,CO1.REQ.10082050,AGENCIA DE DESARROLLO RURAL,Distrito Capital de Bogotá,Prestar los servicios de apoyo en el seguimiento y actualización del banco de proyectos y las  diferentes bases de datos,Contratación directa,25500000,entidad en prensa; contratación directa; 0 respuestas de proveedores,8,media,False,https://community.secop.gov.co/Public/Tendering/OpportunityDetail/Index?noticeUID=CO1.NTC.9936940,la entidad aparece en prensa; este contrato específico NO está citado por su referencia
44,CO1.REQ.1286743,DISTRITO ESPECIAL INDUSTRIAL Y PORTUARIO DE BARRANQUILLA,Atlántico,PRESTACIÓN DE SERVICIOS DE APOYO A LA GESTIÓN PARA EL DESARROLLO DE LAS ACTIVIDADES LOGISTICAS DE ATENCIÓN AL CIUDADANO,Contratación directa,25064000,entidad en prensa; contratación directa; 0 respuestas de proveedores,3,baja,False,https://community.secop.gov.co/Public/Tendering/OpportunityDetail/Index?noticeUID=CO1.NTC.1243797,la entidad aparece en prensa; este contrato específico NO está citado por su referencia
45,CO1.REQ.1417218,MINISTERIO DEL INTERIOR,Distrito Capital de Bogotá,PRESTACIÓN DE SERVICIOS- WILLIAM RENAN RODRIGUEZ- ASUNTOS RELIGIOSOS,Contratación directa,24833334,entidad en prensa; contratación directa; 0 respuestas de proveedores,31,alta,False,https://community.secop.gov.co/Public/Tendering/OpportunityDetail/Index?noticeUID=CO1.NTC.1371346,la entidad aparece en prensa; este contrato específico NO está citado por su referencia
46,CO1.REQ.6034319,SECRETARIA DE EDUCACION DEL DISTRITO,Distrito Capital de Bogotá,SANDRA XIMENA SANCHEZ RINCON,Contratación directa,24052000,entidad en prensa; contratación directa; 0 respuestas de proveedores,1,baja,False,https://community.secop.gov.co/Public/Tendering/OpportunityDetail/Index?noticeUID=CO1.NTC.5992647,la entidad aparece en prensa; este contrato específico NO está citado por su referencia
47,CO1.REQ.6085225,GOBERNACION DEL CHOCÓ.,No Definido,PRESTACION DE SERVICIOS,Contratación directa,24000000,entidad en prensa; contratación directa; 0 respuestas de proveedores,2,baja,False,https://community.secop.gov.co/Public/Tendering/OpportunityDetail/Index?noticeUID=CO1.NTC.5973718,la entidad aparece en prensa; este contrato específico NO está citado por su referencia
48,CO1.REQ.1695423,SUPERINTENDENCIA DE NOTARIADO Y REGISTRO,Distrito Capital de Bogotá,CONTRATACION DIRECTA 017 DE 2021,Contratación directa,23115434,entidad en prensa; contratación directa; 0 respuestas de proveedores,9,media,False,https://community.secop.gov.co/Public/Tendering/OpportunityDetail/Index?noticeUID=CO1.NTC.1642752,la entidad aparece en prensa; este contrato específico NO está citado por su referencia
49,CO1.REQ.4055301,TRANSMILENIO S.A.,Distrito Capital de Bogotá,Contrato de Prestación de Servicios y de Apoyo BRISNY DANIELA VALENZUELA RODRIGUEZ,Contratación directa,20900022,entidad en prensa; contratación directa; 0 respuestas de proveedores,2,baja,False,https://community.secop.gov.co/Public/Tendering/OpportunityDetail/Index?noticeUID=CO1.NTC.3991807,la entidad aparece en prensa; este contrato específico NO está citado por su referencia
50,CO1.REQ.5805525,CAMARA DE REPRESENTANTES,Distrito Capital de Bogotá,CPS_0536_2024,Contratación directa,20000000,entidad en prensa; contratación directa; 0 respuestas de proveedores,29,alta,False,https://community.secop.gov.co/Public/Tendering/OpportunityDetail/Index?noticeUID=CO1.NTC.5696451,la entidad aparece en prensa; este contrato específico NO está citado por su referencia
51,CO1.REQ.6104461,(Secretaría Distrital de Integración Social),Distrito Capital de Bogotá,PRESTAR SERVICIOS DE APOYO A LA GESTION PARA LA EJECUCION DE LAS ACTIVIDADES ADMINISTRATIVAS OPERATIVAS Y CONTRACTUALES ,Contratación directa,20000000,entidad en prensa; contratación directa; 0 respuestas de proveedores,2,baja,False,https://community.secop.gov.co/Public/Tendering/OpportunityDetail/Index?noticeUID=CO1.NTC.5992990,la entidad aparece en prensa; este contrato específico NO está citado por su referencia
52,CO1.REQ.2727388,GOBIERNO DEPARTAMENTAL,Tolima,PRESTACION DE SERVICIOS,Contratación directa,19200000,entidad en prensa; contratación directa; 0 respuestas de proveedores,4,baja,False,https://community.secop.gov.co/Public/Tendering/OpportunityDetail/Index?noticeUID=CO1.NTC.2653147,la entidad aparece en prensa; este contrato específico NO está citado por su referencia
53,CO1.REQ.2659390,GOBIERNO DEPARTAMENTAL,Tolima,PRESTACIÓN DE SERVICIOS,Contratación directa,18000000,entidad en prensa; contratación directa; 0 respuestas de proveedores,4,baja,False,https://community.secop.gov.co/Public/Tendering/OpportunityDetail/Index?noticeUID=CO1.NTC.2586486,la entidad aparece en prensa; este contrato específico NO está citado por su referencia
54,CO1.REQ.4164181,DEPARTAMENTO DEL META,Meta,ASISTIR Y APOYAR A LAS ENTIDADES TERRITORIALES Y SU RED PRESTADORA PUBLICA Y PRIVADA EN EL SEGUIMIENTO DE LA APLICACIÓN ,Contratación directa,18000000,entidad en prensa; contratación directa; 0 respuestas de proveedores,1,baja,False,https://community.secop.gov.co/Public/Tendering/OpportunityDetail/Index?noticeUID=CO1.NTC.4068652,la entidad aparece en prensa; este contrato específico NO está citado por su referencia
55,CO1.REQ.1411347,ALCALDÍA DE POPAYÁN,Cauca,PRESTAR SERVICIOS PROFESIONALES COMO ECONOMISTA A LA SECRETARÍA DE PLANEACIÓN; EN EL PROCESO DE REVISIÓN Y AJUSTE AL PLA,Contratación directa,17400000,entidad en prensa; contratación directa; 0 respuestas de proveedores,1,baja,False,https://community.secop.gov.co/Public/Tendering/OpportunityDetail/Index?noticeUID=CO1.NTC.1374133,la entidad aparece en prensa; este contrato específico NO está citado por su referencia
56,CO1.REQ.2134134,(Secretaría Distrital de Integración Social),Distrito Capital de Bogotá,PRESTACION DE SERVICIOS DE APOYO A LA GESTION,Contratación directa,17384000,entidad en prensa; contratación directa; 0 respuestas de proveedores,2,baja,False,https://community.secop.gov.co/Public/Tendering/OpportunityDetail/Index?noticeUID=CO1.NTC.2103175,la entidad aparece en prensa; este contrato específico NO está citado por su referencia
57,CO1.REQ.4750867,DEPARTAMENTO DEL META,Meta,Asistir la implementación y seguimiento de las medidas de mitigación y adaptación al cambio climático establecidas en el,Contratación directa,16942333,entidad en prensa; contratación directa; 0 respuestas de proveedores,1,baja,False,https://community.secop.gov.co/Public/Tendering/OpportunityDetail/Index?noticeUID=CO1.NTC.4651756,la entidad aparece en prensa; este contrato específico NO está citado por su referencia
58,CO1.REQ.487533,SECRETARÍA DISTRITAL DE MOVILIDAD,Distrito Capital de Bogotá,prestación de servicios asistenciales a la DCV,Contratación directa,16907450,entidad en prensa; contratación directa; 0 respuestas de proveedores,2,baja,False,https://community.secop.gov.co/Public/Tendering/OpportunityDetail/Index?noticeUID=CO1.NTC.473461,la entidad aparece en prensa; este contrato específico NO está citado por su referencia
59,CO1.REQ.9646376,GOBERNACION DE NARIÑO,Nariño,CONTRATO DE PRESTACION DE SERVICIOS,Contratación directa,16200000,entidad en prensa; contratación directa; 0 respuestas de proveedores,2,baja,False,https://community.secop.gov.co/Public/Tendering/OpportunityDetail/Index?noticeUID=CO1.NTC.9490782,la entidad aparece en prensa; este contrato específico NO está citado por su referencia
60,CO1.REQ.6077873,GOBERNACIÓN DE LA GUAJIRA,La Guajira,DANIELA  VALENTINA GONZALEZ POSADA,Contratación directa,14000000,entidad en prensa; contratación directa; 0 respuestas de proveedores,1,baja,False,https://community.secop.gov.co/Public/Tendering/OpportunityDetail/Index?noticeUID=CO1.NTC.5966705,la entidad aparece en prensa; este contrato específico NO está citado por su referencia
61,CO1.REQ.8014897,ALCALDÍA DE POPAYÁN,Cauca,PRESTAR SERVICIOS DE APOYO A LA GESTION  A LA SECRETARIA DE DESARROLLO  AGROAMBIENTAL Y DE FOMENTO ECONOMICO QUE PERMITA,Contratación directa,13800000,entidad en prensa; contratación directa; 0 respuestas de proveedores,1,baja,False,https://community.secop.gov.co/Public/Tendering/OpportunityDetail/Index?noticeUID=CO1.NTC.7897148,la entidad aparece en prensa; este contrato específico NO está citado por su referencia
62,CO1.REQ.2240012,ALCALDÍA DE POPAYÁN,Cauca,SERVICIOS EN LA SECRETARÍA DEL DEPORTE RECREACIÓN ACTIVIDAD FÍSICA Y APROVECHAMIENTO DEL TIEMPO LIBRE,Contratación directa,12000000,entidad en prensa; contratación directa; 0 respuestas de proveedores,1,baja,False,https://community.secop.gov.co/Public/Tendering/OpportunityDetail/Index?noticeUID=CO1.NTC.2200219,la entidad aparece en prensa; este contrato específico NO está citado por su referencia
63,CO1.REQ.7896558,GOBERNACION DEL MAGDALENA,Magdalena,PS-0539-2025,Contratación directa,11700000,entidad en prensa; contratación directa; 0 respuestas de proveedores,5,media,False,https://community.secop.gov.co/Public/Tendering/OpportunityDetail/Index?noticeUID=CO1.NTC.7773742,la entidad aparece en prensa; este contrato específico NO está citado por su referencia
64,CO1.REQ.6838392,CAMARA DE REPRESENTANTES,Distrito Capital de Bogotá,CPS_2494_2024,Contratación directa,11333333,entidad en prensa; contratación directa; 0 respuestas de proveedores,29,alta,False,https://community.secop.gov.co/Public/Tendering/OpportunityDetail/Index?noticeUID=CO1.NTC.6720422,la entidad aparece en prensa; este contrato específico NO está citado por su referencia
65,CO1.REQ.10054669,GOBERNACION DE SUCRE,Sucre,PRESTACION DE SERVICIOS PROFESIONALES,Contratación directa,10500000,entidad en prensa; contratación directa; 0 respuestas de proveedores,1,baja,False,https://community.secop.gov.co/Public/Tendering/OpportunityDetail/Index?noticeUID=CO1.NTC.9925167,la entidad aparece en prensa; este contrato específico NO está citado por su referencia
66,CO1.REQ.2534601,"Ministerio de las Culturas, las Artes y los Saberes",Distrito Capital de Bogotá,CONTRATO DE LICENCIA,Contratación directa,10000000,entidad en prensa; contratación directa; 0 respuestas de proveedores,1,baja,False,https://community.secop.gov.co/Public/Tendering/OpportunityDetail/Index?noticeUID=CO1.NTC.2470904,la entidad aparece en prensa; este contrato específico NO está citado por su referencia
67,CO1.REQ.2405419,GOBIERNO DEPARTAMENTAL,Tolima,PRESTACIÓN DE SERVICIOS,Contratación directa,9966667,entidad en prensa; contratación directa; 0 respuestas de proveedores,4,baja,False,https://community.secop.gov.co/Public/Tendering/OpportunityDetail/Index?noticeUID=CO1.NTC.2343933,la entidad aparece en prensa; este contrato específico NO está citado por su referencia
68,CO1.REQ.4678298,GOBERNACION DEL CHOCÓ.,No Definido,PRESTACIÒN DE SERVICIOS,Contratación directa,9200000,entidad en prensa; contratación directa; 0 respuestas de proveedores,2,baja,False,https://community.secop.gov.co/Public/Tendering/OpportunityDetail/Index?noticeUID=CO1.NTC.4580061,la entidad aparece en prensa; este contrato específico NO está citado por su referencia
69,CO1.REQ.8966375,GOBERNACION DE SUCRE,Sucre,PRESTACION DE SERVICIOS PROFESIONALES,Contratación directa,9000000,entidad en prensa; contratación directa; 0 respuestas de proveedores,1,baja,False,https://community.secop.gov.co/Public/Tendering/OpportunityDetail/Index?noticeUID=CO1.NTC.8832611,la entidad aparece en prensa; este contrato específico NO está citado por su referencia
70,CO1.REQ.9406823,GOBIERNO DEPARTAMENTAL,Tolima,PRESTAR POR SUS PROPIOS MEDIOS Y CON PLENA AUTONOMÍA; LOS SERVICIOS DE APOYO A LA GESTIÓN; PARA BRINDAR ACOMPAÑAMIENTO A,Contratación directa,9000000,entidad en prensa; contratación directa; 0 respuestas de proveedores,4,baja,False,https://community.secop.gov.co/Public/Tendering/OpportunityDetail/Index?noticeUID=CO1.NTC.9266251,la entidad aparece en prensa; este contrato específico NO está citado por su referencia
71,CO1.REQ.2171506,GOBERNACION DE SUCRE,Sucre,PRESTACIÓN DE SERVICIOS PROFESIONALES,Contratación directa,8000000,entidad en prensa; contratación directa; 0 respuestas de proveedores,1,baja,False,https://community.secop.gov.co/Public/Tendering/OpportunityDetail/Index?noticeUID=CO1.NTC.2117870,la entidad aparece en prensa; este contrato específico NO está citado por su referencia
72,CO1.REQ.1551224,"SECRETARIA DISTRITAL DE SEGURIDAD, CONVIVENCIA Y JUSTICIA",Distrito Capital de Bogotá,CAROOL KATHERINE RUIZ VELANDIA,Contratación directa,7377000,entidad en prensa; contratación directa; 0 respuestas de proveedores,1,baja,False,https://community.secop.gov.co/Public/Tendering/OpportunityDetail/Index?noticeUID=CO1.NTC.1508261,la entidad aparece en prensa; este contrato específico NO está citado por su referencia
73,CO1.REQ.1985801,PROCURADURIA GENERAL DE LA NACION,Distrito Capital de Bogotá,FELIPE ESTIBEN DIAZ PALACIOS,Contratación directa,5400000,entidad en prensa; contratación directa; 0 respuestas de proveedores,195,alta,False,https://community.secop.gov.co/Public/Tendering/OpportunityDetail/Index?noticeUID=CO1.NTC.1929391,la entidad aparece en prensa; este contrato específico NO está citado por su referencia
74,CO1.REQ.3640251,GOBIERNO DEPARTAMENTAL,Tolima,PRESTACION DE SERVICIOS,Contratación directa,4440000,entidad en prensa; contratación directa; 0 respuestas de proveedores,4,baja,False,https://community.secop.gov.co/Public/Tendering/OpportunityDetail/Index?noticeUID=CO1.NTC.3552443,la entidad aparece en prensa; este contrato específico NO está citado por su referencia
75,CO1.REQ.7190240,GOBIERNO DEPARTAMENTAL,Tolima,PRESTACION DE SERVICIOS,Contratación directa,4200000,entidad en prensa; contratación directa; 0 respuestas de proveedores,4,baja,False,https://community.secop.gov.co/Public/Tendering/OpportunityDetail/Index?noticeUID=CO1.NTC.7069139,la entidad aparece en prensa; este contrato específico NO está citado por su referencia
76,CO1.REQ.5298556,ALCALDIA DE PASTO,Nariño,CONTRATO DE PRESTACIÓN DE SERVICIOS PROFESIONALES O DE APOYO A LA GESTIÓN,Contratación directa,1700000,entidad en prensa; contratación directa; 0 respuestas de proveedores,1,baja,False,https://community.secop.gov.co/Public/Tendering/OpportunityDetail/Index?noticeUID=CO1.NTC.5194646,la entidad aparece en prensa; este contrato específico NO está citado por su referencia
77,CO1.REQ.256636,DEPARTAMENTO ADMINISTRATIVO NACIONAL DE ESTADISTICA (DANE),Distrito Capital de Bogotá,EDP-873-2017,Contratación directa,0,entidad en prensa; contratación directa; 0 respuestas de proveedores,3,baja,False,https://community.secop.gov.co/Public/Tendering/OpportunityDetail/Index?noticeUID=CO1.NTC.250127,la entidad aparece en prensa; este contrato específico NO está citado por su referencia
